Book Titles,Author,Covers
စိတ်ကို အဆိပ်ထုတ်ခြင်း,မွန်ဟော်စီ,covers/စိတ်ကို အဆိပ်ထုတ်ခြင်း.jpg
ကျေနပ်စွာလမ်းခွဲခြင်း (Healthy Divorce),covers/မွန်ဟော်စီ,ကျေနပ်စွာလမ်းခွဲခြင်း (Healthy Divorce).jpg
မေတ္တာ…အလင်းနဲ့စွမ်းအား,မွန်ဟော်စီ,covers/မေတ္တာ…အလင်းနဲ့စွမ်းအား.jpg
Ex-pect,ဆုခြည်ကို,covers/Ex-pect.jpg
အသစ်ကပြန်စ အစကပြန်လုပ်,မွန်ဟော်စီ,covers/အသစ်ကပြန်စ အစကပြန်လုပ်.jpg
ဟန်ချက်ညီသောဘ၀,မွန်ဟော်စီ,covers/ဟန်ချက်ညီသောဘ၀.jpg
ငါ့အတွက်ငါရှိတယ်,လင်းရောင်စင်,ငcovers/ါ့အတွက်ငါရှိတယ်.jpg
ညီ,ဆုခြည်ကို,covers/ညီ.jpg
ဆက်၍မပွင့်တော့သောနှင်းဆီများ,မွန်ဟော်စီ,covers/ဆက်၍မပွင့်တော့သောနှင်းဆီများ.jpg
တစ်+တစ်=သုံး,ချမ်းမြေ့ဝင်း,covers/တစ်+တစ်=သုံး.jpg
အမေကိုပြောဖြစ်သောစကားများ,မွန်ဟော်စီ,covers/အမေကိုပြောဖြစ်သောစကားများ.jpg
Money Mindset Miracles,မွန်ဟော်စီ,covers/Money Mindset Miracles.jpg
အမာ,မွန်ဟော်စီ,covers/အမာ.jpg
SOUL,ဆုခြည်ကို,covers/SOUL.jpg
သင်သည်သာ သင့်ရဲ့စကြ၀ဠာ,မွန်ဟော်စီ,covers/သင်သည်သာ သင့်ရဲ့စကြ၀ဠာ.jpg
ဆက်ရန်မရှိတော့ပါ,မွန်ဟော်စီ,covers/ဆက်ရန်မရှိတော့ပါ.jpg
တောင်ပေါ်အနမ်း အလွမ်းရာသီ,covers/မွန်ဟော်စီ,တောင်ပေါ်အနမ်း အလွမ်းရာသီ.jpg
အဝေးဆုံးကြည့် အမြင့်ဆုံးပျံ,ချမ်းငြိမ်း (ဟံသာဝတီ),covers/အဝေးဆုံးကြည့် အမြင့်ဆုံးပျံ.jpg
အကြင်သူသည်,သိုးဆောင်း,covers/အကြင်သူသည်.jpg
ဂရုမစိုက်ခြင်းအနုပညာ,ချမ်းမြေ့ဝင်း,covers/ဂရုမစိုက်ခြင်းအနုပညာ.jpg
ငြိမ်သက်ခြင်း,မောရိသျှ,covers/ငြိမ်သက်ခြင်း.jpg
မနက်စာ… အာဟာရ -၂,မွန်ဟော်စီ,covers/မနက်စာ… အာဟာရ -၂.jpg
Dear Me… ကိုယ်တိုင်ဖတ်ဖို့,AD,covers/Dear Me… ကိုယ်တိုင်ဖတ်ဖို့.jpg
မိမိကိုယ်ကိုပြုပြင်ခြင်း,အရှင်စန္ဒိမာ(ရွှေဂန္ထဝင်),covers/မိမိကိုယ်ကိုပြုပြင်ခြင်း.jpg
ဆက်ရန်ရှိသေးသည်,မွန်ဟော်စီ,covers/ဆက်ရန်ရှိသေးသည်.jpg
ပျော်ရွှင်ခြင်းတံခါးပေါက်,မာရင်ရင်,covers/ပျော်ရွှင်ခြင်းတံခါးပေါက်.jpg
Positive Vibes,Thar Htwe,covers/Positive Vibes.jpg
မေတ္တာရှင်မလေး ပေါ်လီယာနာ,ထင်လင်း,covers/မေတ္တာရှင်မလေး ပေါ်လီယာနာ.jpg
မိတ္တဗလဋီကာ,ဦးနု,covers/မိတ္တဗလဋီကာ.jpg
အမှတ်တရ,ဂျူး,covers/အမှတ်တရ.jpg
သင်ခွင့်လွှတ်တတ်ပြီလား,ချမ်းငြိမ်း (ဟံသာဝတီ),covers/သင်ခွင့်လွှတ်တတ်ပြီလား.jpg
ခေါင်းမော့လိုက်တော့မင်း ခေါင်းငုံ့လိုက်တော့သူ,နုနုရည်အင်းဝ,covers/ခေါင်းမော့လိုက်တော့မင်း ခေါင်းငုံ့လိုက်တော့သူ.jpg
နရသူ,ခေတ်ရှေးညို,covers/နရသူ.jpg
သောက်တော့ ဒူးယား၊ နေတော့ ချုံကြား၊ ဝတ်တော့ မလေးရှား,နုနုရည်အင်းဝ,covers/သောက်တော့ ဒူးယား၊ နေတော့ ချုံကြား၊ ဝတ်တော့ မလေးရှား.jpg
မနက်စာအာဟာရ သုံးအုပ်တွဲ Package,မွန်ဟော်စီ,covers/မနက်စာအာဟာရ သုံးအုပ်တွဲ Package.jpg
မင်္ဂလာပါဆရာမ,မွန်ဟော်စီ,covers/မင်္ဂလာပါဆရာမ.jpg
